"actual_type","predict_type","prob_spam","prob_ham"
"ham","ham",0,1
"ham","ham",0,1
"ham","ham",0.00016,0.99984
"ham","ham",4e-05,0.99996
"spam","spam",1,0
"ham","ham",2e-04,0.9998
"ham","ham",0.00325,0.99675
"ham","ham",1e-05,0.99999
"ham","ham",1e-05,0.99999
"spam","spam",1,0
"ham","ham",0,1
"ham","ham",4e-05,0.99996
"ham","ham",1e-05,0.99999
"spam","spam",1,0
"spam","spam",1,0
"ham","ham",6e-05,0.99994
"ham","ham",0,1
"ham","ham",0,1
"ham","ham",0,1
"ham","ham",0.03882,0.96118
"ham","ham",3e-05,0.99997
"ham","ham",0.00018,0.99982
"ham","ham",0,1
"ham","ham",0.00013,0.99987
"ham","ham",0,1
"ham","ham",5e-05,0.99995
"ham","ham",0,1
"ham","ham",2e-05,0.99998
"ham","ham",5e-04,0.9995
"ham","ham",0.00605,0.99395
"ham","ham",0.00024,0.99976
"ham","ham",0.00039,0.99961
"ham","ham",0.00043,0.99957
"ham","ham",1e-05,0.99999
"spam","spam",0.99972,0.00028
"ham","ham",7e-05,0.99993
"ham","ham",0.00042,0.99958
"ham","ham",4e-05,0.99996
"ham","ham",0,1
"spam","spam",1,0
"ham","ham",0.00013,0.99987
"ham","ham",0,1
"ham","ham",0,1
"ham","ham",4e-04,0.9996
"ham","ham",1e-05,0.99999
"ham","ham",1e-04,0.9999
"ham","ham",6e-05,0.99994
"ham","ham",0,1
"ham","ham",0,1
"spam","spam",1,0
"ham","ham",0.00041,0.99959
"ham","ham",0.0014,0.9986
"spam","ham",0.00071,0.99929
"ham","ham",1e-05,0.99999
"ham","ham",0.00017,0.99983
"ham","ham",7e-05,0.99993
"ham","ham",0.01036,0.98964
"ham","ham",6e-05,0.99994
"spam","ham",0.00156,0.99844
"ham","ham",0,1
"ham","ham",0.00071,0.99929
"ham","ham",4e-05,0.99996
"ham","ham",0.00048,0.99952
"ham","ham",0.00162,0.99838
"ham","ham",6e-05,0.99994
"ham","ham",3e-05,0.99997
"ham","ham",0,1
"ham","ham",0.01285,0.98715
"ham","ham",0.00321,0.99679
"ham","ham",1e-04,0.9999
"ham","ham",0.01957,0.98043
"ham","ham",0.05283,0.94717
"spam","ham",0.01708,0.98292
"ham","ham",0,1
"ham","ham",1e-05,0.99999
"spam","ham",0.00851,0.99149
"ham","ham",3e-05,0.99997
"ham","ham",0.00282,0.99718
"ham","ham",7e-05,0.99993
"ham","ham",9e-05,0.99991
"spam","spam",0.87702,0.12298
"ham","ham",0.00047,0.99953
"ham","ham",3e-05,0.99997
"ham","ham",0,1
"ham","ham",0.00058,0.99942
"ham","ham",0.00021,0.99979
"ham","ham",0,1
"ham","ham",0.00205,0.99795
"ham","ham",7e-05,0.99993
"ham","ham",0,1
"ham","ham",9e-04,0.9991
"ham","ham",4e-05,0.99996
"ham","ham",0.00027,0.99973
"ham","ham",0,1
"ham","ham",2e-05,0.99998
"ham","ham",0.00211,0.99789
"ham","ham",5e-05,0.99995
"spam","spam",1,0
"ham","ham",0,1
"ham","ham",0.14267,0.85733
"ham","ham",0,1
"ham","ham",4e-05,0.99996
"ham","ham",0.00039,0.99961
"ham","ham",0,1
"ham","ham",0.00032,0.99968
"ham","ham",0.00011,0.99989
"ham","ham",0,1
"ham","ham",1e-05,0.99999
"ham","ham",2e-05,0.99998
"spam","spam",1,0
"spam","spam",0.99993,7e-05
"ham","ham",0.00071,0.99929
"ham","ham",0.00071,0.99929
"ham","ham",0.00012,0.99988
"ham","ham",0.00046,0.99954
"ham","ham",6e-05,0.99994
"ham","ham",0,1
"ham","ham",0,1
"ham","ham",6e-05,0.99994
"ham","ham",0.0037,0.9963
"ham","ham",0.0543,0.9457
"ham","ham",0,1
"ham","ham",0,1
"ham","ham",0,1
"ham","ham",9e-05,0.99991
"spam","spam",1,0
"ham","ham",0,1
"ham","ham",1e-05,0.99999
"ham","ham",1e-05,0.99999
"ham","ham",0,1
"ham","ham",0,1
"ham","ham",2e-05,0.99998
"spam","spam",1,0
"ham","ham",0.00018,0.99982
"ham","ham",9e-05,0.99991
"ham","ham",0,1
"ham","ham",0.00098,0.99902
"ham","ham",0,1
"ham","ham",0.00838,0.99162
"ham","ham",0.00029,0.99971
"ham","ham",2e-05,0.99998
"ham","ham",0.00013,0.99987
"ham","ham",0,1
"ham","ham",0,1
"ham","ham",1e-05,0.99999
"ham","ham",5e-05,0.99995
"spam","spam",1,0
"ham","ham",0.00052,0.99948
"ham","ham",1e-05,0.99999
"ham","ham",0.00022,0.99978
"ham","ham",0.00016,0.99984
"ham","ham",0.00071,0.99929
"spam","spam",1,0
"ham","ham",0,1
"spam","spam",0.99996,4e-05
"ham","ham",0,1
"ham","ham",0,1
"ham","ham",0.00017,0.99983
"spam","spam",0.99405,0.00595
"ham","ham",0.00071,0.99929
"ham","ham",0.00032,0.99968
"ham","ham",1e-05,0.99999
"ham","ham",0,1
"ham","ham",0.0035,0.9965
"spam","spam",1,0
"ham","ham",0,1
"ham","ham",3e-04,0.9997
"ham","ham",8e-05,0.99992
"spam","spam",0.98933,0.01067
"ham","ham",5e-05,0.99995
"ham","ham",2e-05,0.99998
"ham","ham",8e-05,0.99992
"ham","ham",0.01072,0.98928
"ham","ham",0.00042,0.99958
"ham","ham",0,1
"ham","ham",0,1
"ham","ham",0.00011,0.99989
"ham","ham",0.00035,0.99965
"spam","spam",0.99959,0.00041
"ham","ham",0,1
"ham","ham",0.00711,0.99289
"ham","ham",3e-05,0.99997
"ham","ham",0,1
"spam","ham",0.01243,0.98757
"ham","ham",0,1
"ham","ham",0,1
"ham","ham",0.03989,0.96011
"ham","ham",0.00033,0.99967
"ham","ham",2e-05,0.99998
"ham","ham",7e-05,0.99993
"spam","spam",1,0
"ham","ham",2e-05,0.99998
"ham","ham",0,1
"ham","ham",0,1
"ham","ham",0.00038,0.99962
"ham","ham",0,1
"ham","ham",0,1
"ham","ham",0.00108,0.99892
"ham","ham",8e-05,0.99992
"spam","spam",0.92614,0.07386
"spam","spam",1,0
"ham","ham",8e-05,0.99992
"ham","ham",0,1
"ham","ham",0.00081,0.99919
"ham","ham",0.00048,0.99952
"ham","ham",0.00196,0.99804
"ham","ham",0.02234,0.97766
"ham","ham",0.00071,0.99929
"ham","ham",0,1
"spam","spam",1,0
"ham","ham",0,1
"ham","ham",0.00086,0.99914
"ham","ham",6e-05,0.99994
"ham","ham",0,1
"ham","ham",0.00033,0.99967
"ham","ham",1e-05,0.99999
"spam","spam",0.99823,0.00177
"ham","ham",7e-05,0.99993
"ham","ham",7e-05,0.99993
"ham","ham",4e-05,0.99996
"ham","ham",0.00326,0.99674
"ham","ham",0,1
"ham","ham",0,1
"ham","ham",4e-05,0.99996
"ham","ham",0,1
"ham","ham",0,1
"ham","ham",0,1
"ham","ham",0.0219,0.9781
"ham","ham",0,1
"ham","ham",1e-05,0.99999
"ham","ham",0.00028,0.99972
"ham","ham",0.00026,0.99974
"ham","ham",0.03772,0.96228
"spam","spam",1,0
"ham","ham",1e-05,0.99999
"ham","ham",0,1
"ham","ham",0.00142,0.99858
"ham","ham",5e-05,0.99995
"spam","spam",1,0
"ham","ham",0.00723,0.99277
"ham","ham",0.00028,0.99972
"ham","ham",0.00396,0.99604
"ham","ham",0.00035,0.99965
"ham","ham",0,1
"ham","ham",2e-05,0.99998
"ham","ham",8e-05,0.99992
"ham","ham",4e-05,0.99996
"ham","ham",0.00022,0.99978
"ham","ham",1e-04,0.9999
"ham","ham",0.03989,0.96011
"ham","ham",0.00071,0.99929
"ham","ham",0.00122,0.99878
"ham","ham",0.00144,0.99856
"ham","ham",1e-05,0.99999
"ham","ham",8e-05,0.99992
"ham","ham",0,1
"ham","ham",0.00011,0.99989
"ham","ham",0,1
"ham","ham",7e-05,0.99993
"ham","ham",0.00013,0.99987
"ham","ham",2e-05,0.99998
"ham","ham",1e-05,0.99999
"ham","ham",0.00042,0.99958
"ham","ham",2e-05,0.99998
"ham","ham",0,1
"ham","ham",0.00065,0.99935
"ham","ham",0.00325,0.99675
"ham","ham",0,1
"ham","ham",0.00219,0.99781
"spam","spam",1,0
"ham","ham",0,1
"ham","ham",0,1
"ham","ham",0,1
"ham","ham",0.00019,0.99981
"ham","ham",3e-05,0.99997
"ham","ham",0.00619,0.99381
"ham","ham",2e-05,0.99998
"ham","ham",0.00038,0.99962
"ham","ham",4e-05,0.99996
"ham","ham",1e-05,0.99999
"ham","ham",0.00071,0.99929
"ham","ham",0.00018,0.99982
"ham","ham",9e-05,0.99991
"ham","ham",4e-05,0.99996
"ham","ham",3e-05,0.99997
"ham","ham",0,1
"ham","ham",0,1
"ham","ham",1e-05,0.99999
"ham","ham",0,1
"ham","ham",0.00034,0.99966
"ham","ham",0.00029,0.99971
"spam","spam",1,0
"ham","ham",0.00015,0.99985
"ham","ham",0,1
"ham","ham",0.01391,0.98609
"ham","ham",2e-05,0.99998
"ham","ham",0.00196,0.99804
"spam","spam",1,0
"ham","ham",0,1
"ham","ham",0.00028,0.99972
"ham","ham",0.00065,0.99935
"ham","ham",0,1
"ham","ham",0,1
"ham","ham",1e-05,0.99999
"ham","ham",5e-05,0.99995
"ham","ham",1e-05,0.99999
"ham","ham",0.01363,0.98637
"spam","spam",0.99727,0.00273
"ham","ham",2e-05,0.99998
"ham","ham",3e-05,0.99997
"ham","ham",0,1
"spam","spam",0.99996,4e-05
"ham","ham",0,1
"ham","ham",2e-05,0.99998
"ham","ham",4e-05,0.99996
"ham","ham",0,1
"ham","ham",0.00944,0.99056
"ham","ham",3e-04,0.9997
"ham","ham",0,1
"ham","ham",0,1
"ham","ham",1e-04,0.9999
"ham","ham",1e-05,0.99999
"ham","ham",0,1
"ham","ham",0,1
"ham","ham",0.00011,0.99989
"ham","ham",4e-05,0.99996
"ham","ham",0,1
"spam","spam",0.99989,0.00011
"ham","ham",0.00077,0.99923
"ham","ham",0.37209,0.62791
"ham","ham",0.00098,0.99902
"spam","ham",3e-05,0.99997
"ham","ham",0.00025,0.99975
"ham","ham",3e-05,0.99997
"ham","ham",1e-05,0.99999
"ham","ham",4e-05,0.99996
"spam","spam",1,0
"ham","ham",0.00017,0.99983
"ham","ham",0,1
"ham","ham",5e-05,0.99995
"ham","ham",0.00069,0.99931
"ham","ham",0.00066,0.99934
"ham","ham",0,1
"ham","ham",0.01407,0.98593
"ham","ham",0,1
"ham","ham",2e-05,0.99998
"spam","spam",0.99825,0.00175
"spam","spam",0.99925,0.00075
"ham","ham",0.00011,0.99989
"ham","ham",0.01101,0.98899
"ham","ham",0.00845,0.99155
"ham","ham",1e-05,0.99999
"ham","ham",2e-05,0.99998
"ham","ham",1e-05,0.99999
"ham","ham",0.00024,0.99976
"ham","ham",0,1
"spam","ham",0.06244,0.93756
"ham","ham",0.00012,0.99988
"ham","ham",0,1
"ham","ham",1e-05,0.99999
"ham","ham",0,1
"ham","ham",0,1
"ham","ham",2e-05,0.99998
"ham","ham",0.02586,0.97414
"ham","ham",0,1
"ham","ham",0.02793,0.97207
"spam","ham",0.03452,0.96548
"spam","spam",0.99994,6e-05
"ham","ham",5e-04,0.9995
"ham","ham",0.00098,0.99902
"ham","ham",0,1
"ham","ham",0.00015,0.99985
"ham","ham",1e-05,0.99999
"ham","ham",0,1
"ham","ham",0.00028,0.99972
"ham","ham",0.00063,0.99937
"spam","ham",0.47536,0.52464
"ham","ham",0.00071,0.99929
"spam","spam",1,0
"ham","ham",0.00124,0.99876
"ham","ham",0,1
"ham","ham",3e-05,0.99997
"ham","ham",0,1
"spam","spam",1,0
"ham","ham",0.00019,0.99981
"spam","spam",0.99966,0.00034
"ham","ham",1e-04,0.9999
"ham","ham",0,1
"ham","ham",0,1
"ham","ham",2e-05,0.99998
"ham","ham",0.00021,0.99979
"ham","ham",6e-05,0.99994
"ham","ham",1e-05,0.99999
"ham","ham",0.00023,0.99977
"ham","ham",0.00071,0.99929
"ham","ham",0.00017,0.99983
"spam","ham",0.13223,0.86777
"ham","ham",0.00043,0.99957
"ham","ham",0.00096,0.99904
"spam","ham",0.0274,0.9726
"ham","ham",0.00071,0.99929
"ham","ham",0.00071,0.99929
"ham","ham",6e-05,0.99994
"ham","ham",6e-05,0.99994
"ham","ham",0.00018,0.99982
"spam","spam",1,0
"ham","ham",2e-05,0.99998
"ham","ham",0.00133,0.99867
"spam","spam",0.99935,0.00065
"ham","ham",2e-05,0.99998
"ham","ham",5e-05,0.99995
"ham","ham",0.00352,0.99648
"spam","spam",1,0
"spam","spam",0.99999,1e-05
"ham","ham",1e-05,0.99999
"ham","ham",0.00071,0.99929
"ham","ham",0.00069,0.99931
"ham","ham",4e-05,0.99996
"ham","ham",7e-05,0.99993
"ham","ham",4e-05,0.99996
"spam","spam",1,0
"ham","ham",2e-05,0.99998
"ham","ham",0.02663,0.97337
"ham","ham",3e-05,0.99997
"ham","ham",1e-05,0.99999
"ham","ham",2e-05,0.99998
"ham","ham",0,1
"ham","ham",0.00093,0.99907
"ham","ham",0.00018,0.99982
"ham","ham",1e-05,0.99999
"ham","ham",0,1
"ham","ham",0.00247,0.99753
"ham","ham",0.00035,0.99965
"ham","ham",0,1
"spam","ham",0.06493,0.93507
"ham","ham",5e-04,0.9995
"spam","spam",0.99987,0.00013
"ham","ham",0.00548,0.99452
"ham","ham",0.00018,0.99982
"spam","ham",0.11007,0.88993
"ham","ham",0.00035,0.99965
"ham","ham",1e-04,0.9999
"ham","ham",0.00036,0.99964
"ham","ham",0,1
"ham","ham",0,1
"ham","ham",0.00446,0.99554
"ham","ham",0.00169,0.99831
"spam","spam",0.9547,0.0453
"ham","ham",1e-05,0.99999
"ham","ham",0.00071,0.99929
"ham","ham",1e-05,0.99999
"spam","spam",0.99999,1e-05
"ham","ham",3e-05,0.99997
"ham","ham",2e-05,0.99998
"ham","ham",0,1
"ham","ham",0.00024,0.99976
"ham","ham",0,1
"ham","ham",9e-05,0.99991
"ham","ham",0,1
"ham","ham",0.00055,0.99945
"ham","ham",7e-05,0.99993
"ham","ham",0.00036,0.99964
"ham","ham",0,1
"spam","spam",1,0
"ham","ham",0,1
"ham","ham",1e-05,0.99999
"ham","ham",0,1
"ham","ham",0.00016,0.99984
"ham","ham",8e-05,0.99992
"ham","ham",7e-05,0.99993
"ham","ham",0,1
"ham","ham",2e-05,0.99998
"ham","ham",0,1
"ham","ham",0,1
"ham","ham",0.00092,0.99908
"ham","ham",0,1
"ham","ham",0,1
"ham","ham",2e-05,0.99998
"spam","spam",1,0
"ham","ham",0,1
"ham","ham",0,1
"ham","ham",4e-05,0.99996
"spam","spam",1,0
"ham","ham",0.00604,0.99396
"ham","ham",0.00017,0.99983
"ham","ham",0.00057,0.99943
"ham","ham",0,1
"ham","ham",0.00025,0.99975
"ham","ham",0.00158,0.99842
"spam","spam",0.99995,5e-05
"ham","ham",3e-05,0.99997
"ham","ham",0,1
"ham","ham",1e-05,0.99999
"ham","ham",2e-05,0.99998
"ham","ham",1e-05,0.99999
"ham","ham",3e-05,0.99997
"spam","spam",0.99988,0.00012
"ham","ham",1e-05,0.99999
"ham","ham",1e-05,0.99999
"spam","spam",1,0
"spam","spam",1,0
"spam","spam",1,0
"ham","ham",0.00131,0.99869
"ham","ham",0,1
"ham","ham",0.00024,0.99976
"ham","ham",0.00022,0.99978
"ham","ham",0,1
"ham","ham",0.06692,0.93308
"spam","spam",0.95882,0.04118
"ham","ham",0.00044,0.99956
"ham","ham",0.00944,0.99056
"ham","ham",0.00019,0.99981
"ham","ham",1e-04,0.9999
"spam","spam",1,0
"ham","ham",0,1
"ham","ham",5e-05,0.99995
"ham","ham",3e-05,0.99997
"ham","ham",1e-05,0.99999
"ham","ham",2e-04,0.9998
"ham","ham",0.00071,0.99929
"ham","ham",0.00836,0.99164
"ham","ham",1e-05,0.99999
"ham","ham",6e-05,0.99994
"spam","spam",1,0
"ham","ham",0.00089,0.99911
"ham","ham",1e-05,0.99999
"ham","ham",2e-05,0.99998
"ham","ham",6e-05,0.99994
"ham","ham",3e-05,0.99997
"ham","ham",3e-05,0.99997
"ham","ham",0,1
"ham","ham",1e-05,0.99999
"ham","ham",8e-05,0.99992
"ham","ham",0,1
"ham","ham",8e-05,0.99992
"spam","spam",1,0
"ham","ham",0.00118,0.99882
"spam","spam",1,0
"ham","ham",0.00711,0.99289
"ham","ham",0.00042,0.99958
"ham","ham",0,1
"ham","ham",0.00071,0.99929
"ham","ham",0,1
"ham","ham",0.00071,0.99929
"spam","spam",1,0
"ham","ham",5e-05,0.99995
"ham","ham",0,1
"ham","ham",0.00048,0.99952
"ham","ham",1e-04,0.9999
"ham","ham",1e-05,0.99999
"ham","ham",1e-05,0.99999
"ham","ham",3e-05,0.99997
"ham","ham",1e-05,0.99999
"ham","ham",0,1
"ham","ham",0.00071,0.99929
"ham","ham",0.00071,0.99929
"ham","ham",0.00027,0.99973
"ham","ham",0.00051,0.99949
"ham","ham",1e-05,0.99999
"ham","ham",0.00071,0.99929
"ham","ham",0.00032,0.99968
"ham","ham",0.00011,0.99989
"ham","ham",0.00013,0.99987
"spam","spam",1,0
"ham","ham",0.00042,0.99958
"ham","ham",0.00019,0.99981
"ham","ham",2e-05,0.99998
"ham","ham",0.00019,0.99981
"ham","ham",0.0011,0.9989
"ham","ham",0,1
"ham","ham",5e-04,0.9995
"ham","ham",0.0176,0.9824
"ham","ham",9e-05,0.99991
"ham","ham",0,1
"ham","ham",0,1
"ham","ham",2e-05,0.99998
"spam","spam",1,0
"ham","ham",4e-05,0.99996
"ham","ham",5e-05,0.99995
"ham","ham",0,1
"ham","ham",0,1
"ham","ham",3e-05,0.99997
"ham","ham",0.00012,0.99988
"ham","ham",6e-05,0.99994
"ham","ham",0,1
"ham","ham",0,1
"ham","ham",0,1
"ham","ham",0.20119,0.79881
"ham","ham",1e-05,0.99999
"spam","spam",1,0
"ham","ham",1e-05,0.99999
"ham","ham",0.00202,0.99798
"ham","ham",0,1
"ham","ham",0.33039,0.66961
"ham","ham",4e-05,0.99996
"ham","ham",1e-04,0.9999
"ham","ham",0.00053,0.99947
"ham","ham",3e-05,0.99997
"ham","ham",0.07728,0.92272
"ham","ham",0.00443,0.99557
"ham","ham",0,1
"ham","ham",1e-05,0.99999
"ham","ham",0.00046,0.99954
"ham","ham",0,1
"ham","ham",0.00071,0.99929
"ham","ham",0.00104,0.99896
"ham","ham",0,1
"spam","spam",1,0
"ham","ham",0,1
"spam","spam",0.9908,0.0092
"ham","ham",0.00197,0.99803
"ham","ham",0.0023,0.9977
"ham","ham",0,1
"ham","ham",6e-05,0.99994
"ham","ham",9e-05,0.99991
"ham","ham",0,1
"ham","ham",8e-05,0.99992
"ham","ham",0.00296,0.99704
"ham","ham",0.20824,0.79176
"ham","ham",0.00017,0.99983
"ham","ham",0.00011,0.99989
"ham","ham",1e-05,0.99999
"ham","ham",0.00018,0.99982
"ham","ham",4e-05,0.99996
"spam","spam",1,0
"ham","ham",0,1
"ham","ham",0,1
"ham","ham",0.00071,0.99929
"spam","spam",1,0
"ham","ham",0,1
"ham","ham",4e-05,0.99996
"ham","ham",0.00017,0.99983
"ham","ham",0.00013,0.99987
"ham","ham",4e-05,0.99996
"ham","ham",7e-05,0.99993
"ham","ham",0.0106,0.9894
"ham","ham",0.00032,0.99968
"ham","ham",0.00014,0.99986
"ham","ham",1e-05,0.99999
"spam","spam",0.99327,0.00673
"ham","ham",0.00071,0.99929
"ham","ham",3e-05,0.99997
"ham","ham",0.00021,0.99979
"ham","ham",0.00187,0.99813
"ham","ham",0,1
"ham","ham",2e-05,0.99998
"ham","ham",0.00028,0.99972
"ham","ham",0,1
"ham","ham",0.00064,0.99936
"spam","spam",1,0
"ham","ham",0.00017,0.99983
"ham","ham",2e-05,0.99998
"ham","ham",0,1
"ham","ham",2e-05,0.99998
"ham","ham",0.00218,0.99782
"ham","ham",0.00071,0.99929
"ham","ham",0.00046,0.99954
"ham","ham",0,1
"ham","ham",1e-05,0.99999
"ham","ham",0,1
"ham","ham",0.03864,0.96136
"ham","ham",0,1
"ham","ham",0,1
"ham","ham",0.00022,0.99978
"ham","ham",0,1
"ham","ham",0,1
"ham","ham",0,1
"ham","ham",8e-05,0.99992
"ham","ham",8e-05,0.99992
"ham","ham",0,1
"ham","ham",6e-05,0.99994
"ham","ham",0,1
"ham","ham",1e-05,0.99999
"ham","ham",0,1
"ham","ham",0,1
"ham","ham",0,1
"spam","spam",0.99997,3e-05
"ham","ham",1e-05,0.99999
"ham","ham",7e-05,0.99993
"ham","ham",0,1
"ham","ham",0,1
"ham","ham",0,1
"ham","ham",7e-05,0.99993
"ham","ham",0.00127,0.99873
"ham","ham",0.00044,0.99956
"spam","spam",1,0
"spam","spam",0.8109,0.1891
"ham","ham",0.00441,0.99559
"ham","ham",0,1
"spam","spam",0.99866,0.00134
"ham","ham",0,1
"ham","ham",8e-05,0.99992
"spam","spam",0.99999,1e-05
"ham","ham",0,1
"ham","ham",0.00047,0.99953
"ham","ham",0.00191,0.99809
"ham","ham",0.00116,0.99884
"ham","ham",0.00011,0.99989
"ham","ham",0,1
"ham","ham",0.00033,0.99967
"ham","ham",2e-05,0.99998
"ham","ham",0,1
"ham","ham",0,1
"ham","ham",0,1
"ham","ham",0,1
"ham","ham",0,1
"ham","ham",6e-05,0.99994
"spam","spam",1,0
"ham","ham",0.00013,0.99987
"ham","ham",0.13358,0.86642
"ham","ham",7e-05,0.99993
"spam","ham",0.00252,0.99748
"ham","ham",0.00062,0.99938
"ham","ham",0.00034,0.99966
"ham","ham",0,1
"ham","ham",0,1
"ham","spam",0.56188,0.43812
"ham","ham",1e-05,0.99999
"ham","ham",2e-05,0.99998
"ham","ham",0,1
"ham","ham",0.00015,0.99985
"ham","ham",0.00052,0.99948
"ham","ham",8e-05,0.99992
"ham","ham",3e-04,0.9997
"ham","ham",0,1
"ham","ham",7e-05,0.99993
"ham","ham",0.00337,0.99663
"ham","ham",0.00011,0.99989
"ham","ham",1e-05,0.99999
"ham","ham",1e-05,0.99999
"spam","spam",1,0
"spam","ham",0.01333,0.98667
"spam","spam",1,0
"ham","ham",0.00268,0.99732
"spam","ham",1e-05,0.99999
"spam","spam",1,0
"ham","ham",0.00011,0.99989
"ham","ham",3e-05,0.99997
"ham","ham",0.00276,0.99724
"ham","ham",0.00282,0.99718
"spam","spam",0.99999,1e-05
"ham","ham",2e-05,0.99998
"spam","spam",1,0
"ham","ham",0,1
"ham","ham",0,1
"ham","ham",0.00016,0.99984
"ham","ham",7e-05,0.99993
"ham","ham",0,1
"spam","spam",0.99884,0.00116
"ham","ham",0.00023,0.99977
"spam","spam",1,0
"ham","ham",0,1
"ham","ham",4e-05,0.99996
"ham","ham",0,1
"ham","ham",1e-04,0.9999
"ham","ham",1e-05,0.99999
"ham","ham",2e-05,0.99998
"ham","ham",1e-05,0.99999
"ham","ham",6e-05,0.99994
"ham","ham",0.00017,0.99983
"ham","ham",0,1
"ham","ham",0.00013,0.99987
"ham","ham",0.00146,0.99854
"ham","ham",0.00327,0.99673
"ham","ham",0.00039,0.99961
"ham","ham",0.00051,0.99949
"ham","ham",8e-05,0.99992
"ham","ham",0.00113,0.99887
"ham","ham",4e-05,0.99996
"spam","spam",1,0
"ham","ham",0.00019,0.99981
"ham","ham",0,1
"ham","ham",0,1
"ham","ham",0,1
"ham","ham",0,1
"ham","ham",0,1
"ham","ham",0,1
"ham","ham",1e-05,0.99999
"ham","ham",0.00121,0.99879
"ham","ham",0.00449,0.99551
"spam","spam",1,0
"ham","ham",0.00016,0.99984
"ham","ham",1e-05,0.99999
"ham","ham",0,1
"ham","ham",5e-05,0.99995
"ham","ham",0.00041,0.99959
"ham","ham",0.06083,0.93917
"ham","ham",0,1
"ham","ham",0,1
"ham","ham",0.00048,0.99952
"ham","ham",7e-05,0.99993
"ham","ham",0.00071,0.99929
"ham","ham",0.00159,0.99841
"ham","ham",1e-05,0.99999
"ham","ham",2e-05,0.99998
"ham","ham",0.0228,0.9772
"ham","ham",1e-05,0.99999
"ham","ham",2e-05,0.99998
"ham","ham",0,1
"ham","ham",0.00192,0.99808
"ham","ham",7e-05,0.99993
"spam","spam",1,0
"ham","ham",0.00164,0.99836
"ham","ham",3e-05,0.99997
"ham","ham",0.00477,0.99523
"ham","ham",0.00119,0.99881
"ham","ham",0.00021,0.99979
"ham","ham",0.00296,0.99704
"ham","ham",0.00011,0.99989
"ham","ham",1e-05,0.99999
"spam","ham",0.09757,0.90243
"ham","ham",3e-05,0.99997
"ham","ham",0.00062,0.99938
"spam","spam",1,0
"ham","ham",0.00051,0.99949
"ham","ham",0.00023,0.99977
"ham","spam",0.99993,7e-05
"ham","ham",0,1
"spam","spam",0.99942,0.00058
"ham","ham",1e-04,0.9999
"ham","ham",0,1
"ham","ham",0.00961,0.99039
"ham","ham",0.00088,0.99912
"spam","spam",1,0
"ham","ham",0.00024,0.99976
"spam","spam",0.99997,3e-05
"ham","ham",0,1
"spam","spam",0.99996,4e-05
"ham","ham",0.00178,0.99822
"ham","ham",0,1
"ham","ham",0.00028,0.99972
"spam","spam",1,0
"ham","ham",2e-05,0.99998
"ham","ham",0.01074,0.98926
"ham","ham",0,1
"ham","ham",0,1
"spam","spam",0.95486,0.04514
"ham","ham",0.00148,0.99852
"ham","ham",0.00033,0.99967
"ham","ham",0.00059,0.99941
"ham","ham",1e-05,0.99999
"ham","ham",3e-05,0.99997
"ham","ham",0.00051,0.99949
"ham","ham",0,1
"ham","ham",1e-05,0.99999
"spam","ham",0.1003,0.8997
"ham","ham",1e-05,0.99999
"ham","ham",0.00071,0.99929
"ham","ham",0.1952,0.8048
"ham","ham",0,1
"ham","ham",0.00011,0.99989
"ham","ham",0.00061,0.99939
"ham","ham",1e-05,0.99999
"ham","ham",0,1
"ham","ham",0,1
"ham","ham",0.00013,0.99987
"ham","ham",0.00017,0.99983
"spam","spam",1,0
"ham","ham",3e-05,0.99997
"ham","ham",0.01311,0.98689
"spam","spam",0.98119,0.01881
"ham","ham",0.00071,0.99929
"ham","ham",0,1
"ham","ham",0.00027,0.99973
"ham","ham",0.00019,0.99981
"ham","ham",0.00017,0.99983
"ham","ham",0.00258,0.99742
"ham","ham",1e-05,0.99999
"ham","ham",0,1
"ham","ham",0.00071,0.99929
"ham","ham",0.00021,0.99979
"ham","ham",0,1
"ham","ham",0.39098,0.60902
"ham","ham",0.00029,0.99971
"ham","ham",0.00024,0.99976
"ham","ham",9e-05,0.99991
"ham","ham",0.00045,0.99955
"ham","ham",1e-05,0.99999
"ham","ham",1e-05,0.99999
"ham","ham",8e-05,0.99992
"ham","ham",0.00013,0.99987
"ham","ham",0.00011,0.99989
"ham","ham",0,1
"ham","ham",0.00071,0.99929
"ham","ham",0.00229,0.99771
"ham","ham",0.00055,0.99945
"ham","ham",0,1
"ham","ham",9e-05,0.99991
"ham","ham",0.00029,0.99971
"ham","ham",0.00064,0.99936
"ham","ham",0,1
"ham","ham",0,1
"ham","ham",4e-05,0.99996
"ham","ham",0,1
"ham","ham",0,1
"spam","spam",1,0
"spam","spam",0.92614,0.07386
"ham","ham",0,1
"ham","ham",0,1
"spam","spam",1,0
"ham","ham",0,1
"ham","ham",0.00186,0.99814
"ham","ham",2e-05,0.99998
"ham","ham",0.00196,0.99804
"ham","ham",0.00033,0.99967
"ham","ham",0,1
"ham","ham",3e-05,0.99997
"ham","ham",0.00247,0.99753
"spam","spam",1,0
"ham","ham",4e-05,0.99996
"ham","ham",3e-05,0.99997
"ham","ham",3e-05,0.99997
"ham","ham",6e-05,0.99994
"spam","spam",1,0
"ham","ham",8e-05,0.99992
"ham","ham",0.00014,0.99986
"spam","ham",0.26307,0.73693
"ham","ham",0.00071,0.99929
"ham","ham",0,1
"ham","ham",1e-05,0.99999
"ham","ham",0,1
"ham","ham",0.29305,0.70695
"ham","ham",0.00191,0.99809
"ham","ham",0.00161,0.99839
"ham","ham",0.00804,0.99196
"ham","ham",0,1
"ham","ham",1e-05,0.99999
"ham","ham",0,1
"ham","ham",0,1
"ham","ham",0.00019,0.99981
"spam","spam",1,0
"ham","ham",1e-05,0.99999
"ham","ham",0.00051,0.99949
"spam","ham",0.00694,0.99306
"ham","ham",0.00016,0.99984
"ham","ham",0.00112,0.99888
"ham","ham",8e-05,0.99992
"ham","ham",0.00084,0.99916
"ham","ham",0.00032,0.99968
"ham","ham",0.00098,0.99902
"ham","ham",0.00031,0.99969
"ham","ham",0.0024,0.9976
"ham","ham",0.00055,0.99945
"ham","ham",0,1
"ham","ham",0,1
"ham","ham",4e-05,0.99996
"ham","ham",0.00036,0.99964
"ham","ham",0,1
"ham","ham",0.00017,0.99983
"ham","ham",0.00028,0.99972
"ham","ham",0.00024,0.99976
"ham","ham",0.00052,0.99948
"spam","ham",5e-05,0.99995
"ham","ham",6e-05,0.99994
"ham","ham",9e-04,0.9991
"spam","spam",1,0
"ham","ham",0.00018,0.99982
"ham","ham",1e-05,0.99999
"ham","ham",0,1
"ham","ham",0.00089,0.99911
"ham","ham",0,1
"ham","ham",6e-04,0.9994
"ham","ham",0.00023,0.99977
"ham","ham",8e-05,0.99992
"ham","ham",0.00228,0.99772
"ham","ham",0.00044,0.99956
"spam","spam",1,0
"spam","ham",0.08071,0.91929
"ham","ham",0.0834,0.9166
"ham","ham",0.00021,0.99979
"ham","ham",0,1
"ham","ham",4e-05,0.99996
"ham","ham",3e-05,0.99997
"ham","ham",0.00071,0.99929
"ham","ham",0,1
"ham","ham",5e-05,0.99995
"ham","ham",0,1
"ham","ham",1e-05,0.99999
"ham","ham",0.00125,0.99875
"ham","spam",0.99993,7e-05
"ham","ham",8e-04,0.9992
"ham","ham",0,1
"ham","ham",0.00012,0.99988
"ham","ham",2e-05,0.99998
"ham","ham",0,1
"ham","ham",0,1
"ham","ham",0.00071,0.99929
"ham","ham",0.12023,0.87977
"ham","ham",0,1
"ham","ham",2e-05,0.99998
"ham","ham",1e-05,0.99999
"ham","ham",6e-05,0.99994
"ham","ham",2e-05,0.99998
"spam","spam",0.99967,0.00033
"ham","ham",6e-04,0.9994
"ham","ham",0,1
"ham","ham",0.00034,0.99966
"ham","ham",1e-05,0.99999
"ham","ham",2e-04,0.9998
"spam","spam",1,0
"ham","ham",9e-05,0.99991
"ham","ham",0.00044,0.99956
"ham","ham",1e-05,0.99999
"ham","ham",0.00018,0.99982
"ham","ham",0,1
"ham","ham",1e-05,0.99999
"ham","ham",1e-05,0.99999
"ham","ham",0.00031,0.99969
"ham","ham",0,1
"ham","ham",0.00013,0.99987
"ham","ham",3e-05,0.99997
"spam","ham",0.00172,0.99828
"ham","ham",0,1
"ham","ham",0,1
"ham","ham",4e-05,0.99996
"ham","ham",1e-05,0.99999
"ham","ham",2e-05,0.99998
"ham","ham",1e-04,0.9999
"ham","ham",3e-05,0.99997
"ham","ham",0.00071,0.99929
"ham","ham",2e-04,0.9998
"ham","ham",0,1
"ham","ham",0.00038,0.99962
"ham","ham",6e-05,0.99994
"ham","ham",2e-05,0.99998
"ham","ham",0,1
"ham","ham",0.00013,0.99987
"ham","ham",0,1
"spam","ham",0.02017,0.97983
"ham","ham",7e-05,0.99993
"ham","ham",0,1
"ham","ham",8e-05,0.99992
"spam","spam",1,0
"ham","ham",0.00063,0.99937
"spam","spam",0.99866,0.00134
"ham","ham",0.00017,0.99983
"ham","ham",2e-05,0.99998
"ham","ham",0,1
"ham","ham",0,1
"spam","spam",1,0
"ham","ham",0.00017,0.99983
"spam","spam",1,0
"ham","ham",0.00334,0.99666
"ham","ham",0,1
"ham","ham",0.00062,0.99938
"ham","ham",0,1
"ham","ham",2e-04,0.9998
"ham","ham",0,1
"ham","ham",1e-05,0.99999
"ham","ham",0,1
"ham","ham",0.00441,0.99559
"ham","ham",0,1
"ham","ham",0.00273,0.99727
"ham","ham",0.00071,0.99929
"spam","spam",0.99973,0.00027
"ham","ham",4e-05,0.99996
"ham","ham",5e-05,0.99995
"ham","ham",0.00325,0.99675
"ham","ham",0.00035,0.99965
"ham","ham",0,1
"ham","ham",0,1
"ham","ham",0,1
"ham","ham",0,1
"ham","ham",3e-05,0.99997
"ham","ham",0.00022,0.99978
"ham","ham",0,1
"ham","ham",2e-05,0.99998
"ham","ham",6e-05,0.99994
"ham","ham",0.00269,0.99731
"ham","ham",0,1
"ham","ham",0,1
"ham","ham",0,1
"ham","ham",0,1
"ham","ham",1e-05,0.99999
"ham","ham",0.00047,0.99953
"spam","spam",1,0
"ham","ham",1e-05,0.99999
"ham","ham",0.00011,0.99989
"ham","ham",0.00046,0.99954
"ham","ham",6e-05,0.99994
"ham","ham",0,1
"ham","ham",0.00025,0.99975
"ham","ham",0.00906,0.99094
"ham","ham",0.01658,0.98342
"ham","ham",0,1
"ham","ham",0.00017,0.99983
"ham","ham",0,1
"spam","ham",0.00459,0.99541
"spam","spam",0.99926,0.00074
"ham","ham",0.00029,0.99971
"ham","ham",7e-05,0.99993
"ham","ham",2e-05,0.99998
"ham","ham",1e-05,0.99999
"ham","ham",0.00122,0.99878
"ham","ham",0,1
"ham","ham",0,1
"ham","ham",0.00019,0.99981
"ham","ham",1e-04,0.9999
"ham","ham",2e-05,0.99998
"ham","ham",2e-05,0.99998
"spam","spam",0.94187,0.05813
"ham","ham",2e-05,0.99998
"ham","ham",2e-05,0.99998
"ham","ham",0,1
"ham","ham",0,1
"ham","ham",0.00071,0.99929
"ham","ham",0.0019,0.9981
"ham","ham",2e-04,0.9998
"ham","ham",0.00158,0.99842
"ham","ham",0,1
"ham","ham",6e-05,0.99994
"spam","spam",1,0
"ham","ham",0.00018,0.99982
"ham","ham",0.00038,0.99962
"ham","ham",2e-05,0.99998
"ham","ham",0,1
"ham","ham",0.01122,0.98878
"ham","ham",0.00133,0.99867
"ham","ham",0.00071,0.99929
"ham","ham",0.00071,0.99929
"ham","ham",0.00014,0.99986
"ham","ham",0.00041,0.99959
"ham","ham",0,1
"ham","ham",0.00112,0.99888
"ham","ham",1e-05,0.99999
"spam","spam",0.99637,0.00363
"ham","ham",2e-05,0.99998
"ham","ham",7e-05,0.99993
"ham","ham",0,1
"ham","ham",0.00012,0.99988
"spam","spam",0.70854,0.29146
"ham","ham",1e-05,0.99999
"ham","ham",7e-05,0.99993
"ham","ham",1e-05,0.99999
"spam","spam",1,0
"ham","ham",0.00029,0.99971
"ham","ham",0,1
"ham","ham",0.00038,0.99962
"ham","ham",0.00012,0.99988
"ham","ham",0.00352,0.99648
"ham","ham",5e-05,0.99995
"ham","ham",0.00012,0.99988
"ham","ham",0,1
"ham","ham",0,1
"ham","ham",0.00071,0.99929
"ham","ham",0.00263,0.99737
"ham","ham",0,1
"ham","ham",1e-05,0.99999
"ham","ham",5e-05,0.99995
"ham","ham",5e-05,0.99995
"ham","ham",0,1
"ham","ham",0.00122,0.99878
"spam","spam",0.99637,0.00363
"ham","ham",0.00014,0.99986
"ham","ham",7e-04,0.9993
"ham","ham",0.00108,0.99892
"ham","ham",0,1
"ham","ham",0.00039,0.99961
"ham","ham",0.00028,0.99972
"ham","ham",0.00409,0.99591
"spam","spam",1,0
"ham","ham",0.00029,0.99971
"ham","ham",0.00065,0.99935
"ham","ham",0.00014,0.99986
"ham","ham",3e-05,0.99997
"ham","ham",0,1
"ham","ham",0.00071,0.99929
"ham","ham",0,1
"ham","ham",0.00321,0.99679
"ham","ham",0.00682,0.99318
"ham","ham",0,1
"ham","ham",0.00012,0.99988
"ham","ham",0.00328,0.99672
"spam","spam",1,0
"spam","spam",1,0
"ham","ham",1e-05,0.99999
"ham","ham",0,1
"ham","ham",0.00064,0.99936
"ham","ham",0.00108,0.99892
"ham","ham",0,1
"spam","spam",1,0
"ham","ham",0.00221,0.99779
"ham","ham",8e-04,0.9992
"ham","ham",7e-05,0.99993
"ham","ham",8e-04,0.9992
"ham","ham",0,1
"ham","ham",3e-05,0.99997
"ham","ham",0.00011,0.99989
"ham","ham",5e-05,0.99995
"ham","ham",0,1
"ham","ham",0.00978,0.99022
"ham","ham",0.00041,0.99959
"spam","spam",0.99935,0.00065
"ham","ham",4e-05,0.99996
"spam","spam",1,0
"ham","ham",0.00059,0.99941
"ham","ham",0,1
"ham","ham",0.00066,0.99934
"spam","spam",0.99996,4e-05
"ham","ham",0.00124,0.99876
"ham","ham",0.00063,0.99937
"ham","ham",0.00028,0.99972
"ham","ham",0,1
"ham","ham",8e-05,0.99992
"ham","ham",0.00039,0.99961
"ham","ham",0.00071,0.99929
"ham","ham",0,1
"spam","spam",1,0
"ham","ham",0.00071,0.99929
"ham","ham",0.00011,0.99989
"ham","ham",8e-05,0.99992
"ham","ham",9e-05,0.99991
"ham","ham",0.00029,0.99971
"spam","spam",1,0
"ham","ham",3e-05,0.99997
"ham","ham",0.00071,0.99929
"spam","spam",1,0
"ham","ham",0.06238,0.93762
"ham","ham",0.01005,0.98995
"spam","spam",1,0
"ham","ham",0.00163,0.99837
"ham","ham",0.00021,0.99979
"ham","ham",8e-05,0.99992
"ham","ham",0.00055,0.99945
"ham","ham",0,1
"ham","ham",3e-05,0.99997
"ham","ham",2e-05,0.99998
"ham","ham",0.00011,0.99989
"ham","ham",0,1
"ham","ham",0.00992,0.99008
"ham","ham",0.00067,0.99933
"ham","ham",0,1
"ham","ham",0,1
"ham","ham",0.00101,0.99899
"ham","ham",0.0342,0.9658
"ham","ham",0.00032,0.99968
"ham","ham",2e-05,0.99998
"spam","spam",1,0
"ham","ham",0,1
"ham","ham",0.04283,0.95717
"ham","ham",7e-05,0.99993
"ham","ham",0.02197,0.97803
"spam","spam",1,0
"ham","ham",0.00078,0.99922
"ham","ham",0,1
"ham","ham",0.00013,0.99987
"ham","ham",6e-05,0.99994
"ham","ham",2e-05,0.99998
"spam","ham",0.00835,0.99165
"ham","ham",0.00393,0.99607
"spam","spam",0.99822,0.00178
"ham","ham",8e-05,0.99992
"ham","ham",0.00015,0.99985
"ham","ham",0,1
"ham","ham",4e-04,0.9996
"ham","ham",3e-05,0.99997
"ham","ham",1e-04,0.9999
"spam","spam",1,0
"ham","ham",1e-05,0.99999
"ham","ham",1e-04,0.9999
"ham","ham",0.00071,0.99929
"ham","ham",9e-05,0.99991
"ham","ham",0,1
"spam","ham",0.02861,0.97139
"ham","ham",0.00041,0.99959
"ham","ham",2e-05,0.99998
"ham","ham",0.00066,0.99934
"ham","ham",0,1
"ham","ham",0,1
"spam","spam",1,0
"ham","ham",0.00093,0.99907
"ham","ham",0.00013,0.99987
"ham","ham",0.00042,0.99958
"spam","spam",1,0
"ham","ham",8e-05,0.99992
"ham","ham",0,1
"ham","ham",1e-05,0.99999
"ham","ham",2e-05,0.99998
"ham","ham",0.02664,0.97336
"ham","ham",1e-05,0.99999
"ham","ham",0.01059,0.98941
"ham","ham",2e-05,0.99998
"ham","ham",4e-05,0.99996
"ham","ham",0.00015,0.99985
"ham","ham",5e-05,0.99995
"ham","ham",7e-05,0.99993
"ham","ham",0.02819,0.97181
"ham","ham",0,1
"ham","ham",0.00066,0.99934
"ham","ham",2e-05,0.99998
"ham","ham",0,1
"ham","ham",0,1
"ham","ham",0.00035,0.99965
"ham","ham",0,1
"ham","ham",0.00395,0.99605
"ham","ham",0,1
"ham","ham",0.00012,0.99988
"ham","ham",6e-05,0.99994
"ham","ham",0.00726,0.99274
"ham","ham",0.00424,0.99576
"ham","ham",1e-05,0.99999
"spam","spam",1,0
"ham","ham",0,1
"ham","ham",0.00124,0.99876
"ham","ham",1e-05,0.99999
"spam","spam",0.99967,0.00033
"ham","ham",0.00069,0.99931
"ham","ham",0,1
"ham","ham",0.02689,0.97311
"ham","ham",0,1
"ham","spam",0.57917,0.42083
"ham","ham",0.00059,0.99941
"ham","ham",5e-04,0.9995
"ham","ham",0,1
"ham","ham",0.00028,0.99972
"ham","ham",0,1
"ham","ham",0,1
"ham","ham",0,1
"ham","ham",2e-05,0.99998
"spam","spam",1,0
"spam","ham",0.08926,0.91074
"ham","ham",6e-05,0.99994
"ham","ham",2e-05,0.99998
"spam","spam",0.60509,0.39491
"spam","spam",0.99343,0.00657
"ham","ham",0.00344,0.99656
"ham","ham",1e-05,0.99999
"spam","spam",1,0
"ham","ham",3e-05,0.99997
"ham","ham",1e-05,0.99999
"ham","ham",0.00018,0.99982
"spam","ham",0.31561,0.68439
"ham","ham",7e-05,0.99993
"ham","ham",1e-05,0.99999
"ham","ham",0.05697,0.94303
"ham","ham",6e-05,0.99994
"ham","ham",0.00024,0.99976
"ham","ham",0.00011,0.99989
"ham","ham",2e-05,0.99998
"spam","spam",1,0
"ham","ham",0.00361,0.99639
"ham","ham",0.00013,0.99987
"spam","spam",0.99998,2e-05
"spam","ham",0.01028,0.98972
"spam","spam",1,0
"ham","ham",2e-05,0.99998
"ham","ham",1e-05,0.99999
"ham","ham",3e-05,0.99997
"ham","ham",0.03113,0.96887
"ham","ham",0.00021,0.99979
"spam","spam",1,0
"ham","ham",0.00061,0.99939
"spam","spam",1,0
"ham","ham",0.00084,0.99916
"ham","ham",0.00022,0.99978
"ham","ham",4e-05,0.99996
"spam","spam",1,0
"ham","ham",0.00051,0.99949
"ham","ham",4e-05,0.99996
"ham","ham",0,1
"ham","ham",0.00071,0.99929
"ham","ham",0,1
"ham","ham",1e-05,0.99999
"spam","spam",1,0
"ham","ham",0,1
"ham","ham",3e-05,0.99997
"ham","ham",0.00071,0.99929
"ham","ham",0,1
"ham","ham",1e-04,0.9999
"spam","spam",1,0
"ham","ham",1e-05,0.99999
"ham","ham",0.00011,0.99989
"ham","ham",0.00029,0.99971
"ham","ham",0,1
"ham","ham",0,1
"ham","ham",3e-04,0.9997
"ham","ham",0.00085,0.99915
"ham","ham",0.00581,0.99419
"ham","ham",5e-05,0.99995
"ham","ham",5e-05,0.99995
"ham","ham",8e-05,0.99992
"ham","ham",0,1
"spam","spam",0.7292,0.2708
"ham","ham",0,1
"ham","ham",0.09431,0.90569
"ham","ham",0,1
"ham","ham",1e-05,0.99999
"spam","spam",0.99997,3e-05
"spam","ham",0.28268,0.71732
"ham","ham",0.00267,0.99733
